asset,url,query,current_rank,previous_rank,rank_delta,best_rank,first_seen,last_seen,in_top3,in_top10
PR Asset 1,https://www.europeanbusinessreview.com/dmytro-rukin-how-fintech-companies-enter-the-latam-market-and-stay-there/,dmytro rukin,6,4,-2,4,2026-06-12T16:55:46.366349+00:00,2026-06-26T10:52:42.574953+00:00,no,yes
PR Asset 1,https://www.europeanbusinessreview.com/dmytro-rukin-how-fintech-companies-enter-the-latam-market-and-stay-there/,Dmytro Rukin,5,5,0,5,2026-06-12T16:55:46.366349+00:00,2026-06-26T10:52:42.574953+00:00,no,yes
PR Asset 1,https://www.europeanbusinessreview.com/dmytro-rukin-how-fintech-companies-enter-the-latam-market-and-stay-there/,Dmitry Rukin,N/A,N/A,N/A,N/A,N/A,N/A,no,no
PR Asset 2,https://financialtechtimes.com/what-founders-and-cfos-need-to-know-before-entering-latam/,dmytro rukin,N/A,N/A,N/A,N/A,N/A,N/A,no,no
PR Asset 2,https://financialtechtimes.com/what-founders-and-cfos-need-to-know-before-entering-latam/,Dmytro Rukin,N/A,N/A,N/A,N/A,N/A,N/A,no,no
PR Asset 2,https://financialtechtimes.com/what-founders-and-cfos-need-to-know-before-entering-latam/,Dmitry Rukin,N/A,N/A,N/A,N/A,N/A,N/A,no,no
PR Asset 3,https://techbullion.com/dmytro-rukin-lafinteca-why-who-you-partner-with-in-the-latam-fintech-market-matters-as-much-as-how-you-enter/,dmytro rukin,N/A,N/A,N/A,N/A,N/A,N/A,no,no
PR Asset 3,https://techbullion.com/dmytro-rukin-lafinteca-why-who-you-partner-with-in-the-latam-fintech-market-matters-as-much-as-how-you-enter/,Dmytro Rukin,N/A,N/A,N/A,N/A,N/A,N/A,no,no
PR Asset 3,https://techbullion.com/dmytro-rukin-lafinteca-why-who-you-partner-with-in-the-latam-fintech-market-matters-as-much-as-how-you-enter/,Dmitry Rukin,N/A,N/A,N/A,N/A,N/A,N/A,no,no
